Zip Code,Spend Share
91104,0.0008018078021218694
94510,0.0005813276383138253
78217,0.00005763346918265293
91350,0.0014518569117552014
75002,0.0005162635666214045
89104,0.00023573544166334686
85283,0.00012587256479610376
94066,0.000239825165501203
95020,0.00030600767456910973
97219,0.00018112016506083265
92371,0.0015269757954722762
85262,0.001798384349201153
90077,0.0005450823514187646
94087,0.00046644527205001404
96001,0.0007578508038170882
85268,0.0006562921593840891
89031,0.0006925471717161202
92270,0.0062116624985917865
91364,0.0006599042779860182
83669,0.0004859360626919707
55410,0.0001692045616632513
89130,0.0007483719540026103
95014,0.0002723570302854875
92345,0.0028290057143402257
92111,0.0005467195049691258
95603,0.00008590183267769508
85388,0.00038008532625896023
90043,0.00018462268781888915
78660,0.00040924784898799585
85382,0.00024293465188497432
90049,0.011608164978492978
93309,0.000437126667613127
18940,0.0002067227142434171
89166,0.0006682539464086301
80003,0.00016190985353042997
55446,0.00040904006983165316
53092,0.00007873108388249729
79424,0.00005507797133104911
77007,0.0008625763939540625
94131,0.003011241230619288
93101,0.00035465215325629096
78114,0.000040372464263162534
90015,0.00042251328509556316
86314,0.00022938480191510302
85054,0.0009596418116911996
91207,0.0007272610918803823
99507,0.00007339941392177882
95076,0.0012607198145018555
93722,0.0006153633456014838
74012,0.00006018026438867971
94546,0.00021102946919847632
91901,0.000661366562241308
91306,0.0024037704711780583
78015,0.00004047318485821033
29464,0.00011269779457972338
92405,0.00024260504050075418
85742,0.00042159957885035907
95661,0.0026297980134686446
85234,0.0005949368553691079
92173,0.0007136956010654291
80108,0.0016883441866007353
89511,0.003106178876732668
85748,0.00006165287604667178
93449,0.0016166794088407755
91978,0.000353824814161217
94043,0.0004404260162544803
80210,0.0001636715040241199
89121,0.00018163206371487383
78744,0.00003990841994681009
93312,0.0021137013199057104
85013,0.0001406414926095338
96706,0.00019077666399828212
57110,0.0002924575853979918
95618,0.000528760922969378
89014,0.0004980863807904044
97062,0.0005984365561002623
94925,0.0003132295307513931
85298,0.0017119515439776448
37601,0.00016132461885734353
54956,0.000027325427909051258
83646,0.0011416120009562906
94501,0.001046711993899682
02038,0.0001742191442468017
90232,0.001200888013584593
85027,0.003387197212382995
95472,0.00029905612085378457
96732,0.00009213254734828004
90066,0.002579387743422849
91020,0.0003425139607335697
80439,0.0009650828250833726
97202,0.001246810772751696
99516,0.000018997617229136028
80026,0.0005577360525250815
84108,0.0004727613673736991
95834,0.00038522410453802324
84102,0.001831574460004109
92203,0.0025536688438977
91910,0.0011920874435202517
80550,0.0002970814200585116
89149,0.0023497265619037287
85310,0.0010120014166052453
94703,0.00012689739691517415
96815,0.0002724708720206368
53202,0.00004959200303966199
94947,0.00007067587758698656
80113,0.0005097542253351264
94114,0.0008372764177368917
81301,0.00029109707600247014
78613,0.00015483736366175897
80465,0.00038460149814762833
85225,0.0002481079685439125
87123,0.00032925188732375134
84037,0.0005150406736452427
94015,0.0004053016344557547
75071,0.00013300547045585928
95207,0.0003382294349240474
91401,0.0011558866919423496
98012,0.0004902489215108826
85658,0.0014577703088229346
94563,0.004820773602880189
96821,0.00037991406301481165
84721,0.00028545317412154197
94582,0.001875921024611646
92308,0.0024994936672657585
80127,0.00036330574521105375
84009,0.0008958519069010909
97034,0.0024082458340715213
94608,0.00005011553179311189
91042,0.00037823778247961617
86305,0.0008421426046864164
90004,0.0015792092869097996
93110,0.0006769762705816672
89048,0.0002428658596391011
94602,0.00037742536170687807
84003,0.000539770256375946
94588,0.0007605436311378008
55331,0.00036128971545562887
91367,0.002989824716217787
89139,0.0016494609627320813
17055,0.000015340057570559528
51041,0.0001484718503402705
20016,0.0015892332999993509
75035,0.0003146594445021404
90403,0.0017139504685618153
95128,0.0005499307125182279
96714,0.00005603266143817983
85255,0.0037547779314039457
84047,0.0003234176715068198
92346,0.0024855544125025166
93422,0.0002331212814290581
95376,0.00017282242935162776
85381,0.00020318409461345493
92118,0.008122890321166525
57108,0.00018640500253587624
84098,0.0015188047145437713
92399,0.004133783284376933
94513,0.0014911555495042209
91107,0.001772399528532861
95023,0.00017554298864735923
94065,0.00021199172175373436
89107,0.0005456575802539247
92019,0.0026631404619047758
84664,0.0001291748441044789
84092,0.000862614129222722
96720,0.0000919142647640865
53018,0.00046457390139105454
92126,0.0008498839727526541
92372,0.00017734397607661051
94903,0.00041250305962887475
95945,0.00020486103991568364
96797,0.00007354351721246635
96161,0.00004240528907150218
99504,0.00004760946720011191
85308,0.0004265302780186425
95757,0.0006540360098263706
93003,0.0022132015973587676
91902,0.00036091583957730195
92211,0.00219901301368791
90028,0.0029029385031562145
29486,0.00005917544054942664
53210,0.0001596605660913148
30062,0.00044964642198427006
98101,0.0002518188601659687
84025,0.000875031873552849
95662,0.00012489638245224874
11221,0.0006676300538650234
84606,0.0002754258907445271
83340,0.0009278352776220991
92071,0.00047486132575841827
91331,0.0007648118909590121
95818,0.00034880591576207424
84124,0.0004587776269445531
93108,0.001155438337086721
85209,0.0000810368923247154
23235,0.00022473219441014375
87105,0.00006434767783215932
91204,0.00017169047213471672
90016,0.00026595472883701043
94610,0.000622827519110493
23451,0.000708728839838925
91945,0.00036372944807663897
86005,0.0007927892498096289
89460,0.0008699188487835829
91342,0.0010277614768020458
85345,0.00003920949600011263
95032,0.004794312151054262
75244,0.0031321390598837164
55436,0.00019634791865873373
90065,0.002669086588459359
84062,0.0010489749419881947
85024,0.0005512244661166877
92262,0.004198860495222356
80219,0.00009765795799437505
89122,0.0007849962044879071
99577,0.0001460106317980771
94040,0.00010779658457849845
75024,0.0020000376573869696
92103,0.002068196591187502
94403,0.0020301039995671817
93311,0.00199319560187729
83835,0.0002230935561620278
92109,0.012310669826380448
80921,0.0018578363163373958
91402,0.00036737994268757967
93550,0.0006087351735976532
95204,0.0002176472754169888
93704,0.00014098542533997068
95050,0.0001542354556134884
92234,0.0015207911658998592
91320,0.0023038603061173862
94123,0.0008269455984783314
80124,0.0014969447262324555
93465,0.0001887042489601399
96822,0.00011905018585303756
92301,0.00032998140116803144
93940,0.0013421049463991292
87114,0.00007542712036429891
75093,0.000576117953224764
85212,0.0006809136782160686
98370,0.00023343321271929513
90007,0.0006984724250873938
96753,0.0002022784199904487
91436,0.002218993224418935
78259,0.00008524328462790432
99515,0.00004598229662329592
96786,0.00007627587083733277
80487,0.00019616680625296113
94022,0.0004181350043263702
93730,0.000530657621562663
95746,0.004030705131224843
93012,0.002603190152083066
91913,0.0012486077013991882
89436,0.0005407224236159656
78253,0.000023989563743494456
94117,0.000412472057069802
90039,0.002796096090248221
85750,0.0007365515565702383
89509,0.0002309903660759043
96816,0.0021917900628994954
87120,0.00008411569480552882
98110,0.00009771786041568362
85226,0.00015973423236352027
78132,0.0001941302739236592
60610,0.00018754068625973666
84121,0.005089262628007547
92220,0.0029280283667532845
94574,0.00037770803970062867
32034,0.0006973406225302782
10036,0.0002150480296914926
93710,0.00011379682874808594
94002,0.0004791001920017284
85339,0.0002764246028572181
96150,0.00036417054916827057
89523,0.001268958880626434
91201,0.0004383259744573358
92315,0.0015876854156048473
95928,0.00028867065390608004
83706,0.00045875497515546307
97701,0.00019033164790457764
90013,0.00012047012037121066
85206,0.00033680693648390083
90019,0.0008480305538647684
80130,0.0002770312784068789
94595,0.0001698216791784467
99654,0.00012258043610067912
55102,0.0012763878301574442
92040,0.0007506823416098269
53402,0.000025916526287385353
78247,0.00021478141656458793
95829,0.0008444932138252593
90292,0.004933506476715804
92536,0.0024865481666268515
95070,0.0005581157687984709
95758,0.0005772872833979204
99501,0.0000448700758532845
96792,0.0002289234777513338
60013,0.00031084294169031815
84020,0.002776407801544876
86326,0.00040710204167917585
94109,0.0005012402682367514
90027,0.0021885818445667067
95667,0.00010753354362153966
37209,0.0005621700609607893
93611,0.0007643065974793866
96779,0.00017313602445457942
37203,0.007193357692199049
86404,0.0015933569196693081
80104,0.0005639299799479971
59718,0.00020758989239657373
91108,0.0015292820650352576
60045,0.00007833889528550758
89102,0.00009795585116635724
84097,0.000225432670300949
91356,0.001541543954488078
99709,0.0000985987124194921
73072,0.00006250177673675048
89108,0.00021092530281376055
85351,0.0005778580299675103
85712,0.0004112457187150598
94301,0.0006578782271413111
80424,0.000036027598553781245
92123,0.0018548690190771766
85718,0.0009422703094944189
73099,0.00008887626927356638
91362,0.0035606195310226097
80525,0.00018595368733715932
85365,0.000635374726045492
95127,0.0005141315025466852
59801,0.0006370432681019531
78666,0.000049338321874684764
98332,0.0004667931070588681
90045,0.0006923523534465882
92117,0.0030832255952946467
85250,0.0013147834429871076
90211,0.001030671330442181
85004,0.00009227697185880862
94705,0.0006230370239115134
96789,0.00007176106589411755
94551,0.0001856715878141378
85142,0.0024303555838861117
83616,0.0011576302771675387
98020,0.001010531219172377
91311,0.0027600843395945503
80020,0.00035412423886843495
93561,0.0009275266951995415
89145,0.00036277874621140995
98115,0.0002700809376662714
96819,0.00005276681555151377
90036,0.0006046328180737087
94118,0.0030628484734495495
60137,0.0005321766485507208
94112,0.00011956820990514152
96768,0.00005027334507446041
94941,0.0005186884545563133
77024,0.000863459959735308
91506,0.00045314895545596007
96813,0.0000599100943306739
83001,0.000874593905364841
93454,0.0015173086482505147
99801,0.00008610651945096527
93023,0.00023195075205530692
92065,0.0009236492431253677
94019,0.0004981018261980466
92231,0.0002303835548616109
94565,0.00020120481446243298
93277,0.000424818236905474
91325,0.0011212326229039116
50211,0.00006504499720629803
53151,0.00006651919498645093
10027,0.0002895876678715519
77459,0.003355490630391315
87111,0.00005948345518511885
86303,0.0010593658514105
89044,0.0008652887345573495
95648,0.001116310477836234
78109,0.00006191536392845232
90008,0.00025695125958092593
80121,0.0008937411259149028
99645,0.000056398629701355706
91605,0.000567101110719952
95003,0.0003153079604071753
94539,0.0004842508147054349
94533,0.0001538836972649175
89451,0.001112787577062505
84790,0.0013479055175131716
78748,0.00007721356313940603
84059,0.0006729686860243644
85737,0.0007058216098898442
93436,0.001843994168522692
85395,0.0007477438636168247
89012,0.004566521666406933
95136,0.00010095846148593674
92106,0.002090220357682754
55044,0.00020313172488983707
80401,0.0001252970225710281
78155,0.00008246750737014124
93314,0.00039783788892617763
85015,0.0007899183995416682
92352,0.0013205254790671509
60423,0.0006465727900340948
80222,0.0007009949075915726
89113,0.0007097407456915422
95037,0.0005572440665851962
95864,0.0005980413009466997
58104,0.000045359978274956625
92253,0.010392676412735224
94507,0.0010587813137698406
23454,0.000610445029541623
30115,0.00010352356287642482
90301,0.0003280364869823933
55311,0.0007717035436320649
80228,0.0001266038323610845
89119,0.0010658298855585578
85340,0.0013787646595484339
93041,0.0001690647509655207
93402,0.0008044055866541545
95356,0.0001636607020958505
29690,0.00008413426847922474
96734,0.00030527530244460314
85021,0.0004309748559854621
91303,0.00038071417552348365
54313,0.00004530526693646481
99508,0.00003525653981768294
99502,0.00004732573908712212
60010,0.00014652639804752212
96791,0.00003104457715063563
75205,0.0023139357426941874
93727,0.0002029273129269881
94549,0.0011092130316161756
90291,0.002433334505908918
59106,0.00006136054624122605
90024,0.005843247300672113
98107,0.0001194551140224791
93446,0.0018298540984328644
85747,0.001007847287375411
77494,0.0013695406596153563
73013,0.0000388472910541369
92223,0.004085140054172777
95765,0.0013658667695197412
77382,0.0033227062947262433
85205,0.0017605212314179117
95650,0.0007538162564217269
96744,0.00008015782737906879
97702,0.0017744141019367526
95404,0.00020102448249318053
91202,0.003784280534645886
94596,0.00041802332319026145
91208,0.004935240244329882
90405,0.0011245213058270784
85138,0.0010478042947680833
89135,0.007554112093182965
80204,0.0031736288774948736
59937,0.00018988667686222955
92021,0.000805069845433653
80526,0.00020568441455893818
94521,0.00015773273958854704
47630,0.00009099049898255877
85132,0.0004224194434781096
91361,0.006534718813008153
85259,0.004206984135280014
85387,0.0006490878548186885
95124,0.0007539753914498474
84041,0.002781176507394283
85007,0.00010251199312106285
93306,0.0003921417532095344
90212,0.0021048093777217385
81601,0.00023071147746170118
85253,0.0028021347596945633
92114,0.0012077058555257435
90046,0.0042170633976157616
96712,0.00034623485362351693
92395,0.0015297618947781747
75007,0.0015586623199999197
78218,0.000054266285143025
85286,0.0008244041089841551
89101,0.001990150560358977
91101,0.0008029269039817983
55303,0.00010308675138239743
91355,0.0045128887485066166
78212,0.00006649408838330036
55068,0.00020492616382790228
85711,0.0002856502643539694
92374,0.0016653401804437183
95949,0.00009963579919051677
92120,0.0009368841429623921
91326,0.0014564516942667848
78261,0.00008595959603594148
93274,0.0008669912555005314
94566,0.000510519626732636
89178,0.0034681474401954846
35242,0.00018616320508663996
94010,0.0003968059860705718
68116,0.00020455012427118642
60622,0.00015784332151480435
78628,0.00008557983288420228
30041,0.0010327065247331087
83714,0.0009208266641326216
92307,0.0027826773296309904
80128,0.0004386213111912606
95337,0.0002524598008724962
93463,0.00019873803080717678
55391,0.0002980473486459651
80122,0.00017623567998435768
94587,0.00013724163951892696
78255,0.000024585848981926358
91915,0.0005616660882672006
98277,0.00012573733182265416
75214,0.0002937272052669711
94024,0.0015339814128928133
95062,0.0006692017974561277
78723,0.0003463953210696091
94558,0.000587205846933579
80023,0.004121528859555858
90035,0.0016229743876153497
96761,0.0002343744874488149
84032,0.00023377425215978303
91505,0.0009795822166033437
93534,0.0007422932954002835
76102,0.00305344855798257
85297,0.00042821749435584575
89110,0.0006562374132998572
80503,0.000416520084678632
98221,0.0002646775427146437
90302,0.00007384946999841161
91344,0.0023923185603715123
60521,0.0005953028684533118
90069,0.00142153170917002
78640,0.000075777420727281
28277,0.00021422821345058694
93401,0.0017582904029658588
95355,0.00007124949047020538
85028,0.00031567134491066617
93924,0.00026436050969349677
85022,0.00030836230817811943
60640,0.0004051457177331297
92131,0.0014278369760878623
83301,0.00007621033025804302
91606,0.0007124689445400147
80537,0.0001816527919605509
29412,0.00012365114824427987
95380,0.0002288108386420899
92264,0.001559324888504313
91977,0.0007678407603505618
85248,0.0020104798162812717
85396,0.0004853577353276779
89011,0.0039050065977725805
95361,0.00007003636756301678
94920,0.0001350227834896045
37027,0.001091787143212109
95966,0.00009968511133701871
87144,0.00005140894382615982
97239,0.00008803052379924102
85016,0.0033152723414012803
91011,0.004166181829225681
90057,0.00017590893289307343
92105,0.00020089691173280202
94954,0.00019637099380899966
92407,0.0026731637231942854
89519,0.00024593327433014827
82801,0.00019494158321872387
90029,0.00025272890919162647
94107,0.000094693770492203
58504,0.00007859202996946157
92325,0.00012398234996836616
58078,0.0000649492595772616
95682,0.0003627486379356627
93720,0.0004973417425234997
85083,0.0004447525722250925
75056,0.0020294251170428295
59101,0.000026854724078977035
92210,0.007471915546453902
94544,0.00007568007399799218
53406,0.000015776468878205894
91304,0.0005535565949677553
89084,0.0008837737063290392
95688,0.00017252247421346565
66061,0.00008159838506900995
29466,0.0002884523644057172
94960,0.0010213878382729017
80134,0.0007854200080781665
95926,0.0001339012376288103
93109,0.00003193292659009567
94133,0.00018784185594353673
93103,0.0017761484456552488
94611,0.0004424492425650806
90017,0.0006077900178133251
92311,0.0001847304973377839
84010,0.0006714573484196584
95403,0.0010430695205277212
83702,0.00044899369461774924
91205,0.0010466894369697626
75068,0.00039131007261826055
87031,0.00009221956788617921
93036,0.0007326161494926386
95762,0.0009007532865896137
57103,0.00006185666471030649
92113,0.00019432888638277725
85254,0.0022160983041613195
90041,0.00043239908098819914
79106,0.000029055758638107913
92119,0.0006082345941873556
13045,0.00001733916188840843
95123,0.0005490936441880366
95377,0.00012676864063323724
91387,0.0005911957832271149
80209,0.000709600761557193
89138,0.003924568018901717
80521,0.00023145388411293145
94526,0.002081364350533706
33708,0.0005410513661206738
94803,0.0005307700297853046
90402,0.00034900811666864994
95242,0.0000794119621984945
80203,0.0008287121195171128
78757,0.001437430927553484
81632,0.00010611417393253407
85260,0.0005401719404871546
19380,0.0006839736201552277
80302,0.00044779938026053636
91106,0.001348030870913858
91352,0.00015968162363381088
85629,0.00045199641615707877
92392,0.003822460917390075
84093,0.00016848004941715755
94518,0.0004275541958739373
50266,0.0006688259831853352
87059,0.00008173930574158431
80237,0.0005500014108139647
85281,0.001380211312155497
90094,0.00097659180079395
80125,0.00021599839465782187
98607,0.00024555646470937164
93292,0.00021485153234810002
76052,0.0010145665721379177
94122,0.00015325185835418005
91040,0.0005275491905984615
90006,0.00017551677273965893
55016,0.0002610605534623453
85213,0.00016939205789610816
92154,0.0020140389451722687
98125,0.0003134304775848053
91214,0.004751498422423476
95051,0.00012151647874188353
22102,0.0006714403575097771
10023,0.0003091082750883284
55129,0.0007972114954304713
96145,0.0004061864574423774
93551,0.002213138919973761
91403,0.001231202906529279
91321,0.00015577478944269323
94561,0.0003243188457896649
19047,0.00022493739153061013
96817,0.0007730717739904898
24503,0.00001852817255162598
95304,0.00018555129394986963
94945,0.0002340853366564788
80111,0.0003769479507449372
91502,0.00017088038083153874
94116,0.00034954849739035176
90038,0.0002500646868955048
95678,0.0008952942559261272
89074,0.0007288694958436358
28226,0.00019982943307615727
96766,0.00002506567295639103
90032,0.0006550361924841426
87121,0.00004491587185745083
30319,0.0009321858810851608
89141,0.001329383642578597
78258,0.00039578421933438897
92201,0.0026764315250088155
78006,0.0005268752715150745
75219,0.001494818058278232
95747,0.0016207372063324645
93013,0.00005369900165143706
93923,0.0001056742260873179
81623,0.0002466064360401626
90230,0.001481162227143148
90064,0.0018836180776987416
95624,0.0012978145483075426
80504,0.0002046776729776756
98226,0.00021128323254623549
85344,0.0014643237567235866
50701,0.0013597485540084672
91343,0.0019413230640633256
86004,0.0004952431249610628
94503,0.0004706511039739269
94509,0.0002503039537228023
50023,0.00044235321363574504
07901,0.00020747318071316517
89117,0.0025929485639395425
85739,0.00032460464810346845
94402,0.00019678335529274115
92102,0.0007488990331074771
95610,0.0003049150209180192
95132,0.0001788657973008932
92108,0.002266063659753297
95366,0.00011170424211323789
92037,0.00851373451178192
89129,0.001396892108171781
91377,0.003354610624386933
23112,0.0001901089842261149
91601,0.0009246901513828053
89123,0.0013933006463308232
53072,0.0003563575842567709
89052,0.004359901954933486
53226,0.00002467776273564075
37064,0.002642349249598258
87107,0.0001706590733292638
91206,0.0013244077884867404
94598,0.00023135231553662096
96740,0.00032342368699223636
77386,0.00025901100190734415
84604,0.0005383521000201563
91411,0.00017615283405489828
93035,0.0007132558563672265
85648,0.0001732994224593933
86403,0.00019257046079667253
93442,0.0002960216370289968
85743,0.00043343343775941704
92404,0.0008078340945547879
85749,0.0002566265139227366
59715,0.0003403598832901058
90020,0.0009205991196468927
59102,0.00013316455756204887
75201,0.0008884686152476897
81224,0.00004040960456649418
60014,0.000034315824783523
55105,0.0006613319131343373
93001,0.0015653342746586633
91307,0.0005821047799521277
91030,0.0015284371778963143
96722,0.00026527483193782643
94086,0.00016524964964379266
92124,0.0028840109004227214
98155,0.0002515585234012545
76028,0.00025014419693231556
95340,0.0004863881770933474
94901,0.0002615666931460812
91351,0.0005295022305879715
97405,0.0003994539756910169
91105,0.0009346593451169166
54115,0.00003275917135053582
80516,0.00017648932324257016
60048,0.0007440390046304931
85282,0.00010330899207888955
80234,0.0000662922763641325
50265,0.0017235189657462376
68516,0.000030176256320505284
90042,0.0012703535409082165
85257,0.001174158699249868
95602,0.00021756515860542398
92110,0.0011127279731096933
97504,0.0007493529535140215
84045,0.0001016509349941506
92344,0.0005137386448522272
93420,0.0008464687971259009
91384,0.0020699272856525178
93308,0.0012927281201579952
95973,0.0002858892089406878
95120,0.0004914349371382972
90048,0.0011864382837048848
85383,0.002584125468859512
95608,0.0008630622738720937
93063,0.0012874377363650204
80528,0.0002889804605076774
89131,0.001565709467268089
78228,0.00011595797407555692
90401,0.0003839746500273586
94115,0.00042441897525516176
91501,0.002714468976667598
80112,0.00025192346704740035
96814,0.0002798995889396954
90265,0.006527948296171217
85224,0.00032404718212317895
90031,0.00022305084336683457
78130,0.00007424540571718074
95835,0.00021046457847877898
80027,0.00008774231997593109
84109,0.002181181089279029
89142,0.0005489122446507692
93010,0.0011260583406968766
89148,0.0003570120521842589
91911,0.001260954457927013
84103,0.0002937785426898673
94556,0.00008566252204582037
91316,0.002919853015896504
37221,0.0012186771409488993
86426,0.0007480629463549626
97035,0.0028878231084260735
78626,0.00017919367935826386
12047,0.0001622991854322108
94121,0.00029453698634395066
93291,0.000641189080969586
94583,0.00011973815073640041
80126,0.00019146120410665375
50323,0.000020937263408859547
84720,0.0002134854294246559
85044,0.0005342406573236395
93111,0.0005755749975380202
90005,0.00027239239735516477
80013,0.0005740980679762364
94568,0.00016529205726164976
85653,0.0006375601438969668
07960,0.00022653450922795353
92236,0.00033588034142747634
92101,0.00869544120119791
96707,0.0000596379774527957
85018,0.0018348348436746137
89015,0.007819387385023984
85392,0.000636801235572151
98406,0.00043218751447653245
92260,0.0034718253471322717
94534,0.00018415012300504786
85379,0.00045823529081702967
91602,0.0006497292475030267
78745,0.00007936843284929962
26505,0.0005117162498974516
90067,0.0004934255894787888
84060,0.0005353050355899041
85704,0.0007618353922031513
77662,0.000056431428796721684
95030,0.00009990094432333984
37122,0.003726058754292453
85119,0.000357764202038317
58103,0.00004435622081377752
91381,0.0009039372467567199
83686,0.0002693568054635774
94930,0.0006262743921788508
31763,0.000025434686713302776
95125,0.000535208468233745
85258,0.0017643471791413364
91001,0.004460433072499193
92115,0.0010020030057655148
93307,0.00034576487482702384
80205,0.00022380290357454667
89134,0.004468492243876709
76126,0.00036661612014337425
90404,0.0031560037486991566
91360,0.0010300453120643397
92020,0.0011403701786383573
85710,0.0006806164272533504
94303,0.00018284703817098558
94904,0.0002395953377556871
80304,0.000721171958723814
85266,0.00022776453997191173
85032,0.0006545557620189883
84074,0.002509870925471129
55082,0.000193522929797023
94062,0.0012957245855264798
84663,0.0003767348210409299
92394,0.0003453495526848107
84095,0.00041796719178188496
91354,0.0014543489401113165
92240,0.0005409635309206
77080,0.00030235744960017133
93619,0.003218119335071766
90025,0.00293526998499527
40502,0.00006206266374391285
86406,0.0012406244689129801
94952,0.00014519035719389478
93004,0.000871798225156161
98033,0.0010215970017470278
91302,0.00877058501486563
78245,0.00007441473129563164
84117,0.0004973550485416731
90290,0.001584010032018167
95821,0.00016357965133953752
85085,0.0003264856900094748
96790,0.00007503989187121624
75204,0.00043694908741811827
90245,0.0008846225564697792
91203,0.0009174930722251088
89521,0.00023694454461159283
80138,0.00007629301464983311
95405,0.0001445061524906974
85050,0.0010490365805918159
97703,0.0013245365668226423
85204,0.0009134995293859238
89183,0.0005861966018714502
93105,0.0009780071274977653
80132,0.0011320068952313837
94597,0.0011847626541595618
93030,0.0011097026053096242
85331,0.0019040058070618837
73012,0.000033618726158982584
84601,0.0002610037364067763
93546,0.0006522907721744574
75230,0.0012324039297591444
53142,0.0001958872267866861
85029,0.0001359636859194026
78641,0.0005942306554523295
95628,0.0007497877064044466
76262,0.003182555671699749
90068,0.0003381651213492748
91024,0.002055725585131779
78163,0.000051617978210361655
85023,0.0005466104608969602
95959,0.0002813491869423236
95476,0.00040513637379330393
84065,0.0004490813503790364
30022,0.00007435526898617303
80220,0.00020823884183598555
85296,0.0008393163624529327
30349,0.0007176357698739224
93535,0.0006606258877165807
91942,0.0008948689149197421
83642,0.001612857202234715
92251,0.00007690091211741122
94505,0.001144556210883146
77433,0.00022016859717464225
95448,0.0008670182991815607
92284,0.00104095261852296
91390,0.001038802794975272
85249,0.0012453119860531478
96708,0.00008536113035859107
95134,0.0001359982036230416
98926,0.00037865103682707923
92104,0.0026803313455580234
95616,0.0008561865965661399
94404,0.0013350819520098393
91607,0.0023706389194990585
94531,0.00027889071898721445
98040,0.0005040394382990945
80129,0.00025475220712032704
85215,0.0002852469942090741
86301,0.000272049534926823
96754,0.0001420078271949466
83864,0.0007391988471994985
80123,0.00015230846211274616
96825,0.00018515891942904846
95336,0.00033844621247036634
93021,0.001064798052786538
17015,0.000056751320140583245
77379,0.001904442957389243
80016,0.0002267586159826911
91405,0.0017080783394208224
10025,0.0004649803951683826
94949,0.0003693212688275118
98117,0.00017693168188127328
90034,0.001090896890649294
94110,0.00014995199068716127
91504,0.002742015789195956
94707,0.0005845412294511507
84106,0.00045761652330257596
94553,0.0007734176501674571
85140,0.0003784676919080827
91914,0.00048401979388880943
55345,0.0005651742247747876
80022,0.0005492212969835563
94559,0.001240714435596535
23322,0.00010264554115124414
89147,0.0009685412664380123
10011,0.0017676173136963568
94025,0.0011361302640519328
95112,0.00011129484948154805
85719,0.0006833199771954964
95630,0.0037908030938205587
92122,0.001710220357561723
33458,0.0020352677509379627
94080,0.001032471921513538
92397,0.00046945614295303324
84096,0.00016982446459755187
85284,0.0005202216884528223
89103,0.0006057738609858681
59901,0.0014659226243186184
94061,0.0012616506043368852
89109,0.0005774536681558838
91103,0.0007543966072335695
94517,0.0009165318789463882
91950,0.0003607755357113129
89002,0.0014606306699009128
76244,0.0006160868035283206
95126,0.0014731494669342228
79109,0.000033973515894062666
84049,0.0004039728177275932
84043,0.0005082478182038214
94939,0.0009338459594338851
93304,0.00020593107875528757
90210,0.006674656243127416
30004,0.0001893444560953363
60091,0.0003548312736477551
85251,0.001125794050640263
92116,0.0011269021057064934
97756,0.001130951899855292
22314,0.00070131620674226
93065,0.0037831808284462913
80524,0.0002532421984680112
94523,0.00037631808103181385
84780,0.00046758964313349896
85207,0.0006707417567088896
96746,0.00008021848404179881
90012,0.0006797264994382965
92314,0.000877608436378188
84015,0.0012358664080350187
79423,0.000041722200862276435
84737,0.00017100993755951675
90018,0.00008858712926088342
91932,0.000835955124327181
91335,0.0006200909814987407
93033,0.00018001020499169604
85338,0.0017629983183543438
78704,0.00032085197755574705
93711,0.0037566054815829043
85233,0.0003702646006602038
90026,0.0017517592640851197
81435,0.0004567666595725496
92320,0.0005969803374761188
90272,0.004429257740914843
98105,0.000780280454991816
93444,0.0005584497187438434
96778,0.0000519056025824742
94541,0.00010253077436787777
91301,0.0013043100285922327
54311,0.00002430895023437382
03867,0.00003535782369768787
85306,0.00007798031919094838
89081,0.00027699821912587986
80498,0.000159916548793569
98264,0.00045246688254857914
95687,0.00048728999763237294
96793,0.00005462436587633154
95822,0.00035094592205774485
91423,0.002455287519262575
85086,0.0008484904381935645
90293,0.0010366778260573267
11211,0.0005003470650176011
79118,0.000006251337948570163
84770,0.0006529481053547665
92359,0.00017639279170049408
94928,0.00008192335706032981
85014,0.00032410887263382233
02360,0.00004233286238115496
78154,0.0000331358442019693
53711,0.00015697789301892287
96701,0.00007775569473058638
92107,0.0013110182312377377
94538,0.0001788970728949395
94044,0.00016079908054619983
91604,0.002971268679871204
95008,0.0004336257758059668
20009,0.001139171748385632
95382,0.00009753236543403264
78642,0.00017119520841052778
92139,0.00025711451386048115
86442,0.00028023706722110034
85020,0.00046891693743919224
93536,0.0004601625096086755
92386,0.00019144214133914064
98229,0.00010240699275779219
94070,0.0006759260284166307
85295,0.003646203861560643
89118,0.0038866054545443913
80229,0.0001124983376285055
86001,0.0018872246596072734
94506,0.0030547622942690067
91941,0.0018626820697192363
86336,0.0008973677102873765
60614,0.0009518645595455893
95677,0.00036038067978372865
87124,0.0003809975553600163
93455,0.00037381547307962793
37814,0.00002658773781497843
85143,0.0017135655318678928
73034,0.00005597949646885218
84105,0.0003049557978609346
94550,0.0008664318268662186
94704,0.001295193459154945
95060,0.00080944892617746
89144,0.0022201770758811475
95833,0.00021792048229044792
80021,0.000041691279779296076
94605,0.0021616742985739413
93117,0.0009134101018516895
30043,0.00015325215949058726
87110,0.00021576160249022324
80602,0.00008579642932855978
85042,0.0009113167846303401
83716,0.00016521690794869297
84004,0.00035696820582936596
96826,0.00006099079969339459
85048,0.0005017864095007781
80120,0.0000365684678838901
94585,0.00027744160264136933
17601,0.0003010069470379487
94127,0.00034046044566364114
78108,0.00006279279045540488
60102,0.00006678057319806863
78620,0.000165281703818319
58801,0.0000290147251733179
91324,0.0004372861831347849
92064,0.00289131356426132
30328,0.00011845553003842286
80241,0.00009490693196703157
55378,0.000060919265603079546
91406,0.0005393236178013145
80015,0.0002581805606832729