Year,Month,Visitor Days
2023,Jan,"384,006"
2023,Feb,"359,466"
2023,Mar,"534,110"
2023,Apr,"546,970"
2023,May,"550,288"
2023,Jun,"782,499"
2023,Jul,"1,098,898"
2023,Aug,"703,378"
2023,Sep,"516,227"
2023,Oct,"501,009"
2023,Nov,"404,862"
2023,Dec,"527,464"
2024,Jan,"375,616"
2024,Feb,"351,516"
2024,Mar,"519,691"
2024,Apr,"514,878"
2024,May,"527,104"
2024,Jun,"801,517"
2024,Jul,"1,014,734"
2024,Aug,"786,229"
2024,Sep,"577,294"
2024,Oct,"499,027"
2024,Nov,"475,149"
2024,Dec,"582,128"
2025,Jan,"412,503"
2025,Feb,"373,443"
2025,Mar,"613,632"
2025,Apr,"538,911"
2025,May,"595,967"
2025,Jun,"876,078"
2025,Jul,"944,905"
2025,Aug,"864,367"
2025,Sep,"580,941"
2025,Oct,"532,538"
2025,Nov,"494,847"
2025,Dec,"587,884"
2026,Jan,"435,728"
2026,Feb,"391,944"
2026,Mar,"577,665"
2026,Apr,"586,317"
2026,May,"619,921"
2026,Jun,"861,772"
2026,Jul,"368,372"
2026,Aug,0
2026,Sep,0
2026,Oct,0
2026,Nov,0
2026,Dec,0